<?xml version="1.0" encoding="utf-8"?>
<eml:eml xmlns:eml="eml://ecoinformatics.org/eml-2.1.1" xmlns:xsi="http://www.w3.org/2001/XMLSchema-instance"
         xsi:schemaLocation="eml://ecoinformatics.org/eml-2.1.1 http://rs.gbif.org/schema/eml-gbif-profile/1.1/eml.xsd"
        packageId="10.15468/dl.0b14l8"  system="http://gbif.org" scope="system"
  xml:lang="en">

<dataset>
        <alternateIdentifier>0005253-171124123535762</alternateIdentifier>
    <title>GBIF Occurrence Download 10.15468/dl.0b14l8</title>
    <creator>
    <individualName>
        <surName>GBIF Download Service</surName>
    </individualName>
<electronicMailAddress>support@gbif.org</electronicMailAddress>    </creator>
    <metadataProvider>
    <individualName>
        <surName>GBIF Download Service</surName>
    </individualName>
<electronicMailAddress>support@gbif.org</electronicMailAddress>    </metadataProvider>
    <associatedParty>
<organizationName>Norwegian Entomological Society</organizationName>    <address>
<deliveryPoint>Postboks 386</deliveryPoint><city>Stavanger</city><postalCode>4002</postalCode><country>NORWAY</country>    </address>
    <role>CONTENT_PROVIDER</role>
    </associatedParty>
      <pubDate>
      2017-12-05
      </pubDate>
    <language>ENGLISH</language>
    <abstract>
        <para>A dataset containing all occurrences available in GBIF matching the query:
DatasetKey: Norwegian Lepidoptera working group
The dataset includes records from the following constituent datasets. The full metadata for each constituent is also included in this archive:
65902 records from Norwegian Lepidoptera working group
</para>
    </abstract>
      <contact>
    <individualName>
        <surName>GBIF Download Service</surName>
    </individualName>
<electronicMailAddress>support@gbif.org</electronicMailAddress>      </contact>

</dataset>

<additionalMetadata>
    <metadata>
      <gbif>
        <dateStamp>2017-12-05T18:11:55Z</dateStamp>
      <citation identifier="10.15468/dl.0b14l8">GBIF Occurrence Download 10.15468/dl.0b14l8</citation>
              <physical>
                  <objectName></objectName>
                  <characterEncoding>UTF-8</characterEncoding>
                  <dataFormat>
                      <externallyDefinedFormat>
                          <formatName>Darwin Core Archive</formatName>
                      </externallyDefinedFormat>
                  </dataFormat>
                  <distribution>
                      <online>
                          <url function="download">http://api.gbif.org/v1/occurrence/download/request/0005253-171124123535762.zip</url>
                      </online>
                  </distribution>
              </physical>
        </gbif>
    </metadata>
</additionalMetadata>

</eml:eml>
